accuracy,macro_F1,weighted_F1,balanced_accuracy,macro_PR_AUC,macro_ROC_AUC,ECE,Brier
0.9706987227648385,0.9752203431843587,0.9707406828998666,0.9747015250544664,0.9950942394445951,0.9984811837059965,0.23378924434679776,0.010122988249934736
